"barcode","cX","cY","clusters","reads"
"ATGGGAACGGAAGCGG-1",4,88,"Cluster 1",2466
"TCGGTTAGCCATGTAG-1",5,95,"Cluster 1",2859
"AACCAGTATCACTCTT-1",6,92,"Cluster 1",4305
"TTAAGACGAACGAACC-1",6,96,"Cluster 1",2967
"CACCGGAGATATCTCC-1",7,93,"Cluster 1",3264
"AGTGAGGGTTTCTGAC-1",8,88,"Cluster 1",3201
"CGGCTCTTCGTCGAAC-1",8,86,"Cluster 1",4940
"GACTAACACAGCACCT-1",8,90,"Cluster 1",3244
"GTGGTCAGCGAAGTAT-1",8,92,"Cluster 1",1694
"ATTCTTCGTACTTATG-1",9,87,"Cluster 1",3712
"ACAGCGCACCCGCAGC-1",10,80,"Cluster 1",2155
"ACGATGGATCCGATGC-1",10,70,"Cluster 1",1799
"GATGGTGCCCTAGGCA-1",10,78,"Cluster 1",3216
"GTCCTTCTAGTGGGTT-1",10,82,"Cluster 1",1271
"TAGAATTAAGGGCAAC-1",10,76,"Cluster 1",3889
"TAGATCCGAAGTCGCA-1",10,72,"Cluster 1",2758
"TCGGTCCCTGACTCCA-1",10,90,"Cluster 1",3932
"ATTACAACTACCGGCC-1",11,87,"Cluster 1",4679
"CATCATCTACCCGGAC-1",11,69,"Cluster 1",3061
"CCCGCAGGGCCCAAAG-1",11,79,"Cluster 1",2750
"CCTAGTTAGTCGCATG-1",12,72,"Cluster 1",3816
"GAGGTACATCCATCTT-1",12,68,"Cluster 1",3758
"AAATGGCATGTCTTGT-1",13,69,"Cluster 1",4907
"ACCCTTCATCTGCGAA-1",13,65,"Cluster 1",3249
"CAGGAAGACTTTATAT-1",13,85,"Cluster 1",1558
"GAAACTCTAATGAAGG-1",13,73,"Cluster 1",1626
"GTGAGGAGCGGTTGAG-1",13,87,"Cluster 1",3349
"TAGAGCTACGAAGAAC-1",13,53,"Cluster 1",3211
"ACTATTCGTCCGTGGT-1",14,74,"Cluster 1",4333
"ATTTCATTATTTCGCG-1",14,78,"Cluster 1",3757
"CGAACGCCCAGTGCCG-1",14,70,"Cluster 1",4955
"CTCTGTTTGAGGATTC-1",14,72,"Cluster 1",1438
"TATCCTGCATGGGAAT-1",14,54,"Cluster 1",3953
"AACGATAGAAGGGCCG-1",15,53,"Cluster 1",3864
"AGCCCTAAGCGAAGTT-1",15,65,"Cluster 1",4813
"AGGCCCATTGTACAGG-1",15,55,"Cluster 1",2657
"CAACTATATCGAATGC-1",15,79,"Cluster 1",3321
"CCTCGAAGTGGACGGG-1",15,71,"Cluster 1",1458
"CGTGACATTGGGTCGT-1",15,83,"Cluster 1",1866
"GTGGAACCTACATGCG-1",15,81,"Cluster 1",3602
"GTTCTTCCCTCGATGT-1",15,51,"Cluster 1",3491
"AGAGCGGGCTAATCAT-1",16,64,"Cluster 1",3081
"AGTAATGTCTTGCCGC-1",16,60,"Cluster 1",2948
"ATCTCCCTGCAATCTA-1",16,72,"Cluster 1",3783
"ATGACGCCGGCTCTAA-1",16,58,"Cluster 1",3489
"CCGGGACCCGCAGAGA-1",16,52,"Cluster 1",4408
"GATTCCGCGTTTCCGT-1",16,76,"Cluster 1",4808
"TACCTCACGCTTGTAC-1",16,56,"Cluster 1",2544
"TATTTATACCGAGTAG-1",16,78,"Cluster 1",3829
"TGATCTACGCTGATCT-1",16,100,"Cluster 1",1842
"ACGCCAGATGATTTCT-1",17,73,"Cluster 1",3059
"ACGTGCGCCTCGTGCA-1",17,63,"Cluster 1",2546
"AGTCCCGCCTTTAATT-1",17,93,"Cluster 1",4342
"CCACGAGAAGAGAATC-1",17,75,"Cluster 1",3729
"CGAGCTGGGCTTTAGG-1",17,67,"Cluster 1",3703
"CTGGCGACATAAGTCC-1",17,81,"Cluster 1",2039
"GCGTCGAAATGTCGGT-1",17,65,"Cluster 1",2387
"GTAGGTGATCCGTGTA-1",17,79,"Cluster 1",1239
"GTCGGATGTAGCGCGC-1",17,77,"Cluster 1",1660
"GTGCACGAAAGTGACT-1",17,71,"Cluster 1",1396
"TAATTGGAATCGGGAA-1",17,105,"Cluster 1",4193
"TTCTTAGTGGCTCAGA-1",17,61,"Cluster 1",4220
"TTGGATTGGGTACCAC-1",17,55,"Cluster 1",1672
"AGCTCTTCCCAGTGCA-1",18,88,"Cluster 1",2167
"ATTATACTTTGCTCGT-1",18,78,"Cluster 1",3084
"CAAGCACCAAATGCCT-1",18,66,"Cluster 1",1402
"CCATAGGTTGGCGTGG-1",18,62,"Cluster 1",4365
"CCTCGCCAGCAAATTA-1",18,74,"Cluster 1",1406
"CGCCCGCTTCCGTACA-1",18,80,"Cluster 1",1651
"GAAATCGCGCGCAACT-1",18,68,"Cluster 1",1503
"TCCCTTAGATTACTCG-1",18,86,"Cluster 1",1884
"TTAATCAGTACGTCAG-1",18,76,"Cluster 1",2575
"TTGTGGCCCTGACAGT-1",18,60,"Cluster 1",1827
"ATGGATCCGGCGTCCG-1",19,79,"Cluster 1",1340
"ATTAGATTGATAGCGG-1",19,49,"Cluster 1",4773
"CCCGCCATGCTCCCGT-1",19,41,"Cluster 1",3211
"CCTATCTATATCGGAA-1",19,77,"Cluster 1",3597
"CGAAGCTATAAATTCA-1",19,105,"Cluster 1",1660
"CTCCGGCCTAATATGC-1",19,59,"Cluster 1",1732
"GAACGACCGAATGATA-1",19,63,"Cluster 1",1455
"GGATTCCGCTATACCC-1",19,81,"Cluster 1",2307
"TTAACCAACCCTCCCT-1",19,55,"Cluster 1",1186
"AGCTGAAGTAAACCAA-1",20,84,"Cluster 1",3001
"ATCACATTAGAATATC-1",20,82,"Cluster 1",1820
"CACCTAATCAGTTTAC-1",20,72,"Cluster 1",2863
"CAGTACATTCTCTAAA-1",20,102,"Cluster 1",2418
"CCAAGACTTCTGCGAA-1",20,62,"Cluster 1",1935
"CCGTTACGTTAGAACA-1",20,88,"Cluster 1",1753
"GCCCGCGCGTTTGACA-1",20,40,"Cluster 1",3820
"GCGGTGAACTGCGCTC-1",20,94,"Cluster 1",3219
"GTATAGGACTCAGTAG-1",20,58,"Cluster 1",1095
"GTCTCGATCTGCTTTC-1",20,80,"Cluster 1",1494
"TCTCCAACGTAGGTTA-1",20,78,"Cluster 1",3490
"TGCCACCTGGCGAAAC-1",20,76,"Cluster 1",1636
"TGCCTGATCAAACGAT-1",20,70,"Cluster 1",2857
"TGGAAGGATAAAGATG-1",20,68,"Cluster 1",1908
"ACATAATAAGGCGGTG-1",21,63,"Cluster 1",2771
"AGATCGTGCATAAGAT-1",21,97,"Cluster 1",3943
"ATACTAGCATGACCCT-1",21,61,"Cluster 1",2240
"ATAGGGATATCCTTGA-1",21,71,"Cluster 1",1844
"ATCACTTCATCCTCGC-1",21,67,"Cluster 1",3547
"CATGATGCACAATTCT-1",21,69,"Cluster 1",3972
"CCTAACTAAGGCTCTA-1",21,93,"Cluster 1",2884
"CCTCGCGCGATATAGG-1",21,95,"Cluster 1",2202
"CGCGCCCGACTTAATA-1",21,75,"Cluster 1",2805
"CTTGTACTTGTTGACT-1",21,51,"Cluster 1",2370
"GTACGAGATTGCGACA-1",21,57,"Cluster 1",2397
"GTGAAGCCGTATAGTC-1",21,107,"Cluster 1",2602
"TACTCTCCGAACAAAT-1",21,81,"Cluster 1",1523
"TGCTGGTTGGACAATT-1",21,41,"Cluster 1",3347
"TGTGACTACGCCAGTC-1",21,73,"Cluster 1",3307
"TTCTTGGAGTAATGAG-1",21,79,"Cluster 1",1502
"ATTACTTACTGGGCAT-1",22,100,"Cluster 1",1799
"CTCATTTGATGGGCGG-1",22,62,"Cluster 1",2941
"GCCCAGTTGGTATGCC-1",22,38,"Cluster 1",3268
"TATCGATCTATGCATA-1",22,88,"Cluster 1",1246
"TCCGATGACTGAGCTC-1",22,76,"Cluster 1",3405
"TCTATCGGTCGCAACA-1",22,64,"Cluster 1",4867
"TGCGGAGTAAAGGTGC-1",22,70,"Cluster 1",4100
"TTAGCTAATACGATCT-1",22,98,"Cluster 1",2935
"TTGTCGTTCAGTTACC-1",22,58,"Cluster 1",3028
"ATCAGTAGGCAGGGAT-1",23,87,"Cluster 1",4997
"ATCGACTCTTTCCGTT-1",23,61,"Cluster 1",3257
"CAGCCTCCTGCAGAGG-1",23,77,"Cluster 1",2116
"CCCGTCAGCGTCTGAC-1",23,51,"Cluster 1",3325
"CCTCTAATCTGCCAAG-1",23,73,"Cluster 1",1113
"CGGGATCAATGTAAGA-1",23,59,"Cluster 1",2588
"CTCGATATTTGCGAGC-1",23,99,"Cluster 1",2432
"GAATGTTGGGTAATCT-1",23,69,"Cluster 1",2440
"GACTAAGATCATGCAC-1",23,53,"Cluster 1",1714
"TAGGCATGTTACGCCA-1",23,85,"Cluster 1",2146
"TCCCGTCAGTCCCGCA-1",23,75,"Cluster 1",1432
"TGGTTCGTAGCAAAGG-1",23,55,"Cluster 1",2516
"AACCGAGCTTGGTCAT-1",24,70,"Cluster 1",3863
"CACCTTGCGAAACTCG-1",24,84,"Cluster 1",3479
"CACGCACAGCGCAGCT-1",24,72,"Cluster 1",2649
"CCAGTCTAGACGGCGC-1",24,86,"Cluster 1",3192
"CGCCATCCGATTATGA-1",24,80,"Cluster 1",3990
"CGGTTCAAGTAGGTGT-1",24,98,"Cluster 1",1512
"GCAAGTGCACAGAGAA-1",24,42,"Cluster 1",2400
"GCTCTAAACCCTGACG-1",24,58,"Cluster 1",3156
"GTGAAACGGCGCCACC-1",24,88,"Cluster 1",4051
"TATTTGTTACCCTTTA-1",24,46,"Cluster 1",1538
"TGCAGGATCGGCAAAG-1",24,74,"Cluster 1",2623
"TTACAACTACGCATCC-1",24,52,"Cluster 1",2283
"ACACCTTAAGTAGGGC-1",25,43,"Cluster 1",3483
"ACGATCATACATAGAG-1",25,63,"Cluster 1",1654
"CATTTAGCGGACCATG-1",25,85,"Cluster 1",2363
"CGCTGTGACGCCGCAC-1",25,47,"Cluster 1",2014
"GATTCCCTTGTCGCAG-1",25,67,"Cluster 1",2618
"GTTTCCTGGAGGGTGA-1",25,49,"Cluster 1",1892
"TATGCTCCCTACTTAC-1",25,61,"Cluster 1",3730
"TCAACCATGTTCGGGC-1",25,51,"Cluster 1",2358
"TCCGATGGTGCGACAT-1",25,53,"Cluster 1",957
"TCGCTTTAAACGTTTG-1",25,87,"Cluster 1",2820
"CAGATACTAACATAGT-1",26,46,"Cluster 1",3281
"CATGCGACCAGTTTAA-1",26,98,"Cluster 1",3834
"CCTGCTATTTGAGAAG-1",26,50,"Cluster 1",3042
"GTCATGGACATGACTA-1",26,62,"Cluster 1",1518
"TCCCAAAGACGAAGGA-1",26,60,"Cluster 1",1974
"TTATATTTGGCAATCC-1",26,64,"Cluster 1",1701
"AGCACCAGTACTCACG-1",27,65,"Cluster 1",2889
"ATGGATTGACCAAACG-1",27,61,"Cluster 1",1084
"CACCGCCAGAAGGTTT-1",27,59,"Cluster 1",1272
"CCTACTGCTTACACTT-1",27,49,"Cluster 1",3922
"CGCATTAGCTAATAGG-1",27,57,"Cluster 1",3513
"CGCGTTCATGAAATAC-1",27,51,"Cluster 1",1994
"CTACTGCCACCTGACC-1",27,63,"Cluster 1",1024
"GATCGACACTATCTGA-1",27,47,"Cluster 1",1113
"GTACTAAGATTTGGAG-1",27,55,"Cluster 1",3805
"AACAACTGGTAGTTGC-1",28,42,"Cluster 1",1074
"AAGGAGCGGTTGGTGC-1",28,48,"Cluster 1",1280
"ACCGACTGAGTCCCAC-1",28,66,"Cluster 1",4805
"AGACTAGCCTTCCAGA-1",28,46,"Cluster 1",1245
"CGCAATTAGGGTAATA-1",28,44,"Cluster 1",2312
"GAGACTGATGGGTAGA-1",28,56,"Cluster 1",2751
"GATCCCTTTATACTGC-1",28,60,"Cluster 1",1427
"GGGCGATATGTGTGAA-1",28,58,"Cluster 1",1045
"TCCGGCCTAGCGTACA-1",28,98,"Cluster 1",2171
"TGATCGGTTTGACCCT-1",28,54,"Cluster 1",3899
"TGATCTCCGGCGCCAG-1",28,50,"Cluster 1",1558
"CAGTTCAAATTGACAC-1",29,51,"Cluster 1",1985
"CCTGGCTAGACCCGCC-1",29,43,"Cluster 1",2674
"CTCGAGGTCGAACAGT-1",29,59,"Cluster 1",1807
"GTCATGCACCTCCGTT-1",29,61,"Cluster 1",1213
"TAGAGTCTAAGCGAAC-1",29,55,"Cluster 1",2116
"TAGCTAAGTCCGGGAG-1",29,57,"Cluster 1",1055
"TCGAAATTTAGGACCA-1",29,45,"Cluster 1",1712
"TCGCTCGATATATTCC-1",29,63,"Cluster 1",3577
"TTGATCTAACTTTGTC-1",29,47,"Cluster 1",2104
"AAGGCTGTGCTCATCG-1",30,46,"Cluster 1",2926
"ACCACAAGTTTCTATC-1",30,54,"Cluster 1",4674
"ACTGTCTTCTTTAGAA-1",30,64,"Cluster 1",2442
"AGTTCCTACAGAATTA-1",30,50,"Cluster 1",2475
"GATCATTCCAAACATT-1",30,56,"Cluster 1",1969
"GTTTGACCAAATCCTA-1",30,58,"Cluster 1",1962
"TCAGGTTCTTTGAGAA-1",30,42,"Cluster 1",3184
"TCCTTTCTTACGCTTA-1",30,62,"Cluster 1",4114
"ATATTTAACCCTCAAG-1",31,55,"Cluster 1",2445
"CACAGCACCCACGGCA-1",31,59,"Cluster 1",1747
"CTTACACGGTATTCCA-1",31,45,"Cluster 1",4510
"GACCAGAGCCCTGTAG-1",31,47,"Cluster 1",2860
"GCGAAGCCATACCCGT-1",31,61,"Cluster 1",1920
"TCAAACTTAGATTGTT-1",31,65,"Cluster 1",2268
"TCCAGGCGAGTACGGT-1",31,57,"Cluster 1",1468
"TGATTCGTCTATCACT-1",31,41,"Cluster 1",1720
"AGAATTATGGATTCGA-1",32,98,"Cluster 1",4824
"CCATTAGCGATAATCC-1",32,42,"Cluster 1",2921
"CCGGGCGGTCTCGTCA-1",32,76,"Cluster 1",2893
"CGGGCAGCTAAACCGC-1",32,56,"Cluster 1",1830
"CGTATTAAGAGATCTA-1",32,54,"Cluster 1",1797
"CTCTGGACGCCTGGTG-1",32,62,"Cluster 1",3666
"GGCGGAGTAATATTAG-1",32,46,"Cluster 1",4105
"GGGACTGCATAGATAG-1",32,60,"Cluster 1",2621
"TATGGGTACGTATCGT-1",32,58,"Cluster 1",1795
"TCGGAGTACATGAGTA-1",32,74,"Cluster 1",1521
"AAATGGTCAATGTGCC-1",33,51,"Cluster 1",3227
"ACGCATTCGTGAGTAC-1",33,61,"Cluster 1",2541
"ACGTAGATTGCTGATG-1",33,67,"Cluster 1",3518
"ACTGTCCAGGATTATA-1",33,55,"Cluster 1",1897
"ATAGACGAAGAGAAAG-1",33,45,"Cluster 1",3215
"ATTGATGAGTCCTAAC-1",33,99,"Cluster 1",2312
"CAGCTCACTGAGACAT-1",33,59,"Cluster 1",1675
"CCAAGCGTAACTCGTA-1",33,71,"Cluster 1",4755
"GGCTATTAAGTTGTAT-1",33,41,"Cluster 1",3077
"GGGAGTTAATGAGGCG-1",33,75,"Cluster 1",4340
"GTCCCAACGTAAAGTA-1",33,73,"Cluster 1",3687
"TGACCCACGTTAGACA-1",33,47,"Cluster 1",2181
"TGTTCTTCCATTGACT-1",33,43,"Cluster 1",1721
"TTGCTGATCATGTTCG-1",33,57,"Cluster 1",1474
"AAATTAACGGGTAGCT-1",34,58,"Cluster 1",3360
"CACTTAATCAGACGGA-1",34,48,"Cluster 1",2491
"CCAATAGTGCCGTCGA-1",34,42,"Cluster 1",2296
"GAAGCGTGAGGAATTT-1",34,60,"Cluster 1",1014
"GAATTATAGTGAAAGG-1",34,68,"Cluster 1",2571
"GAGATCTGCTTGGCAT-1",34,44,"Cluster 1",2569
"GCGCTAATTGAATAGA-1",34,70,"Cluster 1",2304
"GGATCCGGAATATACT-1",34,82,"Cluster 1",2898
"GGCACTCCACTGGGCA-1",34,46,"Cluster 1",2360
"GGTAGTGCTCGCACCA-1",34,72,"Cluster 1",4782
"GTGCTCAAGTACTGTC-1",34,52,"Cluster 1",1921
"TATTCAATTCTAATCC-1",34,74,"Cluster 1",3776
"TATTCGTGCCAGAATA-1",34,64,"Cluster 1",2407
"TCCCAGCTTTAGTCTG-1",34,56,"Cluster 1",3747
"TCCGCGGCAGCATCTG-1",34,84,"Cluster 1",3183
"TCTAGTTATCAGAAGA-1",34,54,"Cluster 1",2506
"TCTGAATTCCGTACAA-1",34,94,"Cluster 1",3562
"AAGCTCGTGCCAAGTC-1",35,73,"Cluster 1",3703
"ATATCTTAGGGCCTTC-1",35,61,"Cluster 1",1046
"ATATGTCTCCCTAGCC-1",35,97,"Cluster 1",4212
"ATGCGACAGTCCCATT-1",35,71,"Cluster 1",2718
"CACTAAAGTTGCCTAT-1",35,51,"Cluster 1",1383
"CCATGCCTGTTTAGTA-1",35,53,"Cluster 1",3652
"CGGCCACGCACAAAGT-1",35,59,"Cluster 1",1811
"CTACGCACGGAGTACC-1",35,57,"Cluster 1",2099
"GCGAGTTCTGCAAAGA-1",35,63,"Cluster 1",2692
"GGGTCACCGTGACGGT-1",35,47,"Cluster 1",1524
"TAGGTTCGAGTTCGTC-1",35,67,"Cluster 1",2035
"TTGTAATCCGTACTCG-1",35,55,"Cluster 1",1857
"AGATTATAGGACGTTT-1",36,54,"Cluster 1",3036
"ATGGAGCAGGCCGTGA-1",36,66,"Cluster 1",4331
"CTTCATTGTCAGTGGA-1",36,60,"Cluster 1",4795
"GATCGCGGGCTCTCCA-1",36,52,"Cluster 1",2445
"TATGGGACCGAGCAGG-1",36,56,"Cluster 1",1632
"TTCGGGACTAATCGCG-1",36,72,"Cluster 1",2134
"ATTAGGCGATGCTTTC-1",37,71,"Cluster 1",3852
"CCAATGTCACAGCAAG-1",37,49,"Cluster 1",2379
"CTAGTCACGTCTTAAG-1",37,69,"Cluster 1",4155
"GATGCGTCCTGCATTC-1",37,57,"Cluster 1",1735
"GCATAGAGCACTCAGG-1",37,59,"Cluster 1",4333
"GGGAGGATGCCCGAAA-1",37,51,"Cluster 1",2459
"GTTCGCCATAAGTGCC-1",37,53,"Cluster 1",4363
"ACCATATCCGCAATAA-1",38,56,"Cluster 1",4117
"ACTATCCAGGGCATGG-1",38,108,"Cluster 1",3838
"CGCTATTCTTAGGCTC-1",38,60,"Cluster 1",2414
"GACTCACCCACGTGAG-1",38,106,"Cluster 1",1727
"GATCGTGACTGATATC-1",38,72,"Cluster 1",2832
"TAACATACAATGTGGG-1",38,70,"Cluster 1",2111
"TGCTGTTGAAGAACTC-1",38,66,"Cluster 1",2200
"AGCTCTTCGTAACCTT-1",39,107,"Cluster 1",4242
"CACTCAAGAGCTATGG-1",39,57,"Cluster 1",4448
"CATACGGCGTCTGGGC-1",39,63,"Cluster 1",2311
"CCACACTGAGATATTA-1",39,49,"Cluster 1",3149
"CTGTACTTCTTAGCAT-1",39,51,"Cluster 1",4645
"GCTAGTAGAGCTTGTA-1",39,65,"Cluster 1",2947
"GTAGCGGCTATACACT-1",39,69,"Cluster 1",2869
"TACATTTCTAACGTGC-1",39,55,"Cluster 1",1452
"TAGTCCGCAGAGAATG-1",39,53,"Cluster 1",1932
"TGGCAGCAGTAATAGT-1",39,61,"Cluster 1",1561
"AATTAAAGGTCGGCGT-1",40,50,"Cluster 1",3772
"CGCATGGTGCGATGCT-1",40,66,"Cluster 1",2865
"CGTGAAGTTAATTCAC-1",40,56,"Cluster 1",1349
"CTGCCATGCATCACAT-1",40,62,"Cluster 1",2890
"GCTGAGGCGTGAGTAT-1",40,64,"Cluster 1",3064
"GGTACAAACATGCTAT-1",40,54,"Cluster 1",1979
"ATAGTGAAGCGTTCTC-1",41,57,"Cluster 1",4327
"CGGGCCTTCTTTGTAA-1",41,55,"Cluster 1",1355
"GCCGATTGGCCAAGCT-1",41,61,"Cluster 1",1742
"GCCGGGTTAGGGTCGC-1",41,59,"Cluster 1",4583
"GCGCCGTTCCACGATA-1",41,65,"Cluster 1",4485
"GGCAAATTACTTTACT-1",41,53,"Cluster 1",1449
"TTATGAATGAAAGGGA-1",41,63,"Cluster 1",2471
"GAATCTGAACATTCTC-1",42,64,"Cluster 1",3618
"TAATTAGGACATCCGT-1",42,108,"Cluster 1",4080
"TATCTACCACAGCGGG-1",42,60,"Cluster 1",3791
"TCAACGAGGAGACAAA-1",42,56,"Cluster 1",2627
"AGTTCCTATTTATGTT-1",43,65,"Cluster 1",1352
"ATCGACCCAATACAGA-1",43,63,"Cluster 1",1736
"ATTAAACATGCGGACC-1",43,59,"Cluster 1",1216
"CATATAGGTACAGTCA-1",43,55,"Cluster 1",1389
"CGAGACCCTAGAGTGT-1",43,61,"Cluster 1",2103
"GGAGACGACACCTTTG-1",43,67,"Cluster 1",4595
"GGGTTTAGGATAGGAT-1",43,107,"Cluster 1",1276
"GTTACTTTGGGCCTAG-1",43,51,"Cluster 1",1941
"TTGCACAATTCAGAAA-1",43,57,"Cluster 1",1353
"AAATCGTGTACCACAA-1",44,56,"Cluster 1",1602
"CACATTTCTTGTCAGA-1",44,108,"Cluster 1",1841
"CTTTAGTGCTATTATT-1",44,64,"Cluster 1",2889
"GTACGTTTGCCCGTCA-1",44,68,"Cluster 1",3378
"GTTCGGATCGGGAACA-1",44,110,"Cluster 1",3972
"TACGACTGCCTCTTAG-1",44,66,"Cluster 1",3137
"TGGCAGATTACGATCA-1",44,58,"Cluster 1",3420
"TTACTGGGATATTTCA-1",44,54,"Cluster 1",1343
"ATCGCCAGTCAACATT-1",45,105,"Cluster 1",2733
"CGGGAATTTATGTAAA-1",45,65,"Cluster 1",4798
"CTTGCCCAGGCTCTAC-1",45,55,"Cluster 1",1417
"TCACCCTCTTAAGATT-1",45,59,"Cluster 1",2123
"GAGTCCGCTTACCGGA-1",46,58,"Cluster 1",3608
"GCGGAGAGGGAGAACG-1",46,78,"Cluster 1",2056
"GTCGTTATTCGCTTAT-1",46,76,"Cluster 1",1933
"TGGGCAATAGTTGGGT-1",46,108,"Cluster 1",2063
"CACATATTAGCAGGAT-1",47,73,"Cluster 1",2042
"CGGGAATATAGTATAC-1",47,105,"Cluster 1",2153
"GAATTCACCCGGGTGT-1",47,55,"Cluster 1",1509
"TGAGTAAATTAGCGTA-1",47,57,"Cluster 1",4166
"TCAGACGCTATAGAAG-1",48,72,"Cluster 1",1659
"CGTTAAACTAGTTAGG-1",49,111,"Cluster 1",1183
"TAGATATGGACTGGAA-1",49,53,"Cluster 1",1671
"TGTTCGTATTGCGGTG-1",49,61,"Cluster 1",1061
"CCATCGCAGTTAAACT-1",50,62,"Cluster 1",1155
"CCCTTTGACAGGTCTT-1",50,56,"Cluster 1",1335
"CGCGCATGTTTGATTG-1",50,54,"Cluster 1",1652
"CTTGTCAACATTCGAG-1",50,66,"Cluster 1",2860
"GTCTATTGGTTCCGGT-1",50,90,"Cluster 1",2321
"TAGCTCGCCTGATAAC-1",50,58,"Cluster 1",1652
"TATACACAGACGCCTT-1",50,60,"Cluster 1",1397
"AATTAGCGCTGCAGCG-1",51,63,"Cluster 1",1754
"ACATTAGTTTATATCC-1",51,61,"Cluster 1",2758
"AGACCGCTCCGCGGTT-1",51,111,"Cluster 1",2004
"GGACCAACAGGATAAC-1",51,67,"Cluster 1",1421
"GTTTGGGCTTGTGAGC-1",51,65,"Cluster 1",1979
"TACCGTGCCTCGGACC-1",51,69,"Cluster 1",2339
"CGGCAAACATCGTGCG-1",52,66,"Cluster 1",2181
"CTATTCATGTGTCCCA-1",52,62,"Cluster 1",1549
"GAAGTCAGTTGCACTA-1",52,58,"Cluster 1",1150
"GCTATACGTCTCGGAC-1",52,88,"Cluster 1",2326
"TTAGAAGAACATGACT-1",52,64,"Cluster 1",1895
"TTCTGACCGGGCTCAA-1",52,84,"Cluster 1",2340
"ACAGGCTTGCCCGACT-1",53,87,"Cluster 1",3538
"AGCACTACCTCACCAG-1",53,81,"Cluster 1",1977
"CAGAACTTAGCCCTCT-1",53,85,"Cluster 1",4749
"CCTCTGTACTATTCTA-1",53,61,"Cluster 1",1925
"CTAGTTACAACCCGGT-1",53,67,"Cluster 1",1436
"GAGCCAGCTACCTGTG-1",53,89,"Cluster 1",1978
"TCGTCTTAGGCGTTAA-1",53,83,"Cluster 1",2431
"AACGCTGTTGCTGAAA-1",54,94,"Cluster 1",2354
"CATCCTCTCAAAGATC-1",54,92,"Cluster 1",2313
"CATGTAAGAGACATTT-1",54,90,"Cluster 1",2265
"GCTAGGCACCACGGAG-1",54,84,"Cluster 1",3673
"GGTGGACTGCTCTGGC-1",55,85,"Cluster 1",4373
"TACCAATAAAGTACCA-1",55,83,"Cluster 1",4050
"TTGAGAAGTTTAGCAT-1",55,87,"Cluster 1",2506
"AGTACTCTTATGCCCA-1",56,88,"Cluster 1",1366
"TCTACCCAATAGAGAG-1",56,106,"Cluster 1",1513
"TCTGAAGCACGTGGTC-1",56,84,"Cluster 1",1379
"TTGGACCTATAACAGT-1",56,86,"Cluster 1",2633
"TTGTGAACCTAATCCG-1",56,90,"Cluster 1",1535
"ATAAACGTTGCACCAC-1",57,107,"Cluster 1",2501
"TGCCGTGGATCGTCCT-1",57,63,"Cluster 1",972
"ATACTACCCGTACCAC-1",59,105,"Cluster 1",1508
"CCGTAGGAAATCCCTG-1",60,96,"Cluster 1",1054
"TAACCTAGGGAGTCCA-1",60,106,"Cluster 1",1501
"TCACAAACCGAGGTAC-1",61,95,"Cluster 1",2208
"TCTGCATACCTTGCTT-1",61,99,"Cluster 1",1289
"ATATACGCTCGTGACG-1",62,108,"Cluster 1",1172
"TAGAATAGCCGATGAA-1",62,100,"Cluster 1",1387
"AGCGATGCGCCTAATA-1",64,108,"Cluster 1",2270
"GCACGTGGTTTACTTA-1",64,106,"Cluster 1",1878
"ATTCGCGCCTTGAGAG-1",65,107,"Cluster 1",1147
